Workbook

Sheet Food Eaten Part 1
A1: Only put numbers in the green - it will automatically calculate the yellow. At the bottom is also a tab for water, once you complete this page, then click on that tab to look at water. But this sheet has to be completed first.
A2: Part 1: The Grains/ Carbohydrates | C2: Number of servings consumed in a week | D2: Conversion into Pounds (lbs) of grain | E2: Pounds of grain equiv (lbs) | H2: Part 2: Fruits/ Vegtables | J2: Number of servings consumed in a week | K2: Conversion into Pounds (lbs) of grain | L2: Pounds of grain equiv (lbs)
B3: Bread (bagels per half, buns per half, etc) | D3: Servings/8 | E3: =C3/8 -> 0 | I3: Servings of vegetables (4 oz) | K3: Servings/4 | L3: =J3/4 -> 0
B4: Pasta, rice, oatmeal per cup cooked | D4: Servings/8 | E4: =C4/8 -> 0 | I4: Fruit (1 apple, orange, etc.) or bunch of grapes, small bag of cherries, etc. | K4: Servings/4 | L4: =J4/4 -> 0
B5: Cereal dry (add milk below) | D5: Servings/8 | E5: =C5/8 -> 0 | I5: Juice (juice glass) wine (glass) | K5: Servings/4 | L5: =J5/4 -> 0
B6: Candy per bar (regular, not mini (figure 3 or 4 = 1) or king (Figure 1 king = 2 regular) | D6: Servings/8 | E6: =C6/8 -> 0 | K6: Grand Total of Pounds of grain equiv from Fruits/ Vegtables Consumed | L6: =SUM(L3,L4,L5) -> 0
B7: Regular pop/ Koolaid/beer per 12 oz can or 1 shot of liquor (x1.6 for 20oz pop) | D7: Servings/10 | E7: =C7/10 -> 0
B8: Potatoes - small serving - 1 ice cream scoop like in the cafeteria... | D8: Servings/4 | E8: =C8/4 -> 0
D9: Grand Total of Pounds of Carbohydrates Consumed | E9: =SUM(E3, E4, E5, E6, E7, E8) -> 0
A11: Part 3: Animal Items | C11: Number of pounds consumed in a week | D11: Conversion into Pounds (lbs) of Grains | F11: Waste Conversion | G11: Pounds (lbs) of Grain Equivalent | I11: Part 4: Dairy | K11: Number of servings consumed in a week | L11: Conversion into Pounds (lbs) of grains | M11: Pounds (lbs) of grain equiv.
B12: Pounds of Beef | D12: Serving X 7.5 | E12: =C12*7.5 -> 0 | F12: Conversion into pounds of grain X 2 | G12: =E12*2 -> 0 | J12: 8 oz glasses milk or yogurt or ice cream etc. | L12: Servings/2 | M12: =K12/2 -> 0
B13: Pounds of Chicken | D13: Serving X 4 | E13: =C13*4 -> 0 | F13: Conversion into pounds of grain X 1.2 | G13: =E13*1.2 -> 0 | J13: 2 oz cheese | L13: Servings/2 | M13: =K13/2 -> 0
B14: Pounds of Pork | D14: Serving X 2.4 | E14: =C14*2.4 -> 0 | F14: Conversion into pounds of grain X 1.3 | G14: =E14*1.3 -> 0 | L14: Total Pounds (lbs) of Grain Equiv from dairy | M14: =SUM(M12,M13) -> 0
F15: Total Pounds (lbs) of Grain Equiv from MEAT | G15: =SUM(G12,G13,G14) -> 0
A17: Bonus Resources | C17: Number of servings consumed in a week | D17: Conversion into Pounds (lbs) of Grains | F17: Waste Conversion | G17: Pounds (lbs) of Grain Equivalent
B18: Pounds of Caught Fish | D18: Serving X 1 | E18: =C18*1 -> 0 | F18: Conversion into pounds of grain X 1.2 | G18: =E18*1.2 -> 0
B19: Pounds of Farm Fish | D19: Serving X 2 | E19: =C19*2 -> 0 | F19: Conversion into pounds of grain X 1.2 | G19: =E19*1.2 -> 0
B20: Pounds of Hunted Meat | D20: Serving X 7.5 | E20: =C20*7.5 -> 0 | F20: Conversion into pounds of grain X 2 | G20: =E20*2 -> 0
F21: Total Pounds (lbs) of Grain Equiv from fish/game. | G21: =SUM(G18,G19,G20) -> 0
A22: SUPER MEGA GRAND TOTAL | B22: =G21+G15+E9+L6+M14 -> 0 | C22: lbs of grain/ plants
A23: Plants eaten directly by you | B23: =E9+L6 -> 0 | C23: lbs of grain/ plants
A24: Plants fed to animals to make YOUR meat and dairy | B24: =G15+M14 -> 0 | C24: lbs of grain/ plants | Q24: {=+B20:Q24B17:Q24L11C21:Q24B14:Q24L11C21:Q2A1:Q24} -> #NAME?

Sheet Total Water Uses
A1: Make sure you compete the other tab (on bottom) Food Eaten Part 1 before you come here. Only fill in the green. The yellow will complete automatically.
B3: Personal use of Water | D3: How many times a week do you….. | E3: Number of times used per week | F3: Conversion into gallons of water | G3: Number of gallons per week | H3: Your Comments
C4: Drink water | D4: Small (16oz) bottle. | F4: Multiply by 1/8 to get gallons. | G4: =E4*1/8 -> #VALUE!
C5: Use water to cook | D5: Number of meals that used water in a week (pasta, rice, etc.) | F5: Multiply by 1 | G5: =E5*1 -> #VALUE!
C6: Flush the toilet | D6: Number of total flushes in a week | F6: Multiply by 2.5 *note that toilets range in the amount of gallons of water they use per flush between 1 and 4, this is an average | G6: =E6*2.5 -> #VALUE!
C7: Take a shower | D7: Number of total minutes in the shower for the week | F7: Multiply by 7 | G7: =E7*7 -> #VALUE!
C8: Take a bath | D8: Number of baths | F8: Multiply by 30 | G8: =E8*30 -> #VALUE!
C9: Shave with running water *under a faucet, not in the shower | D9: Number of total minutes in a week | F9: Multiply by 1 | G9: =E9*1 -> #VALUE!
C10: Brush your teeth with running water *under a faucet, not in the shower | D10: Number of total minutes in a week | F10: Multiply by 1 | G10: =E10*1 -> #VALUE!
C11: Wash Dishes | D11: Number of loads of dishes in a week | F11: Multiply by 30 | G11: =E11*30 -> #VALUE!
C12: Wash Clothes | D12: Number of loads of clothes washed in a week | F12: Multiply by 40 | G12: =E12*40 -> #VALUE!
C13: Watering the lawn | D13: Number of minutes per head | F13: Multiply by 3 per head | G13: =E13*3 -> #VALUE!
C14: Other water use? Wash car? | D14: Estimate number of gallons? | F14: E14 x 1 | G14: =E14 -> 0
F15: Subtotal of Personal use of water in a week | G15: =SUM(G4,G5,G6,G7,G8,G9,G10,G11,G12,G13,G14) -> #VALUE!
B16: Indirect use of water | E16: Amount consumed per week | F16: Conversion into gallons of water | G16: Number of gallons per week | H16: Your Comments
C17: Meat Consumption | D17: Number of pounds consumed | E17: =('Food Eaten Part 1'!C12+'Food Eaten Part 1'!C13+'Food Eaten Part 1'!C14) -> 0 | F17: Multiply by 2530 (water used in raising, etc. per pound of cow) | G17: =E17*2530 -> 0
C18: Rice/Cereal | D18: Number of pounds consumed | E18: =('Food Eaten Part 1'!E4+'Food Eaten Part 1'!E5) -> 0 | F18: Multiply by 505 (water used in growing, etc. grain) | G18: =E18*505 -> 0
C19: Potatoes | D19: Number of pounds consumed | E19: ='Food Eaten Part 1'!E8 -> 0 | F19: Multiply by 25 (water used in growing, etc. potatoes) | G19: =E19*25 -> 0
C20: Milk | D20: Number of gallons consumed | E20: ='Food Eaten Part 1'!M12+'Food Eaten Part 1'!M13 -> 0 | F20: Multiply by 900 (water used in maintaining dairy cows) | G20: =E20*900 -> 0
C21: Loaf of Bread | D21: Number of loaves consumed | E21: ='Food Eaten Part 1'!E3 -> 0 | F21: Multiply by 150 (water used in growing, grain, etc.) | G21: =E21*150 -> 0
C22: Serving of Vegtables | D22: Number of vegtables consumed | E22: ='Food Eaten Part 1'!L3 -> 0 | F22: Multiply by 125 (water used in growing, etc.) | G22: =E22*125 -> 0
C23: Fruit | D23: Number of pieces of fruit | E23: ='Food Eaten Part 1'!L4+'Food Eaten Part 1'!L5 -> 0 | F23: Multiply by 40 (water used in growing, etc.) | G23: =E23*40 -> 0
C24: Sugar (even in candy) | D24: Number of pounds consumed | E24: ='Food Eaten Part 1'!E6+'Food Eaten Part 1'!E7 -> 0 | F24: Multiply by 125 (water used in growing, etc.) | G24: =E24*125 -> 0
C25: Aluminum | D25: Number of cans | F25: Multiply by 260 (water used in the processing of the ore) | G25: =E25*260 -> 0 | H25: This number can be lessened considerably if you recycle your cans. 260 down to about 13, give or take…
F26: Subtotal of indirect use of water in a week | G26: =SUM(G17,G18,G19,G20,G21,G22,G23,G24,G25) -> 0
B27: Other Indirect Uses of Water | D27: The average American uses
C28: Producing Energy | D28: 632 gallons of water
C29: Mining and Manufacturing | D29: 185 gallons of water
C30: Commericial (Jobs and Services | D30: 90 gallons of water
D31: For a total of... | E31: 907 gallons of water a week
A32: Your grand total of gallons of water used per week
C33: Amount of water in gallons
B34: Subtotal of Personal use of water in a week | C34: =G15 -> #VALUE!
B35: Subtotal of indirect use of water in a week | C35: =G26 -> 0
B36: Subtotal of indirect use of water in a week of an Average American | C36: 907
B37: Total water you used per week | C37: =SUM(C34,C35,C36) -> #VALUE!

Sheet  
